Id,Document
1,300000
2,300001
3,300002
4,300003
5,300004
6,300005
7,300006
8,300007
9,300008
10,300009
11,300010
12,300011
13,300012
14,300013
15,300014
16,300015
17,300016
18,300017
19,300018
20,300019
21,300020
22,300021
23,300022
24,300023
25,300024
26,300025
27,300026
28,300027
29,300028
30,300029
31,300030
32,300031
33,300032
34,300033
35,300034
36,300035
37,300036
38,300037
39,300038
40,300039
41,300040
42,300041
43,300042
44,300043
45,300044
46,300045
47,300046
48,300047
49,300048
50,300049
51,300050
52,300051
53,300052
54,300053
55,300054
56,300055
57,300056
58,300057
59,300058
60,300059
61,300060
62,300061
63,300062
64,300063
65,300064
66,300065
67,300066
68,300067
69,300068
70,300069
71,300070
72,300071
73,300072
74,300073
75,300074
76,300075
77,300076
78,300077
79,300078
80,300079
81,300080
82,300081
83,300082
84,300083
85,300084
86,300085
87,300086
88,300087
89,300088
90,300089
91,300090
92,300091
93,300092
94,300093
95,300094
96,300095
97,300096
98,300097
99,300098
100,300099
101,300100
102,300101
103,300102
104,300103
105,300104
106,300105
107,300106
108,300107
109,300108
110,300109
111,300110
112,300111
113,300112
114,300113
115,300114
116,300115
117,300116
118,300117
119,300118
120,300119
121,300120
122,300121
123,300122
124,300123
125,300124
126,300125
127,300126
128,300127
129,300128
130,300129
131,300130
132,300131
133,300132
134,300133
135,300134
136,300135
137,300136
138,300137
139,300138
140,300139
141,300140
142,300141
143,300142
144,300143
145,300144
146,300145
147,300146
148,300147
149,300148
150,300149
151,300150
152,300151
153,300152
154,300153
155,300154
156,300155
157,300156
158,300157
159,300158
160,300159
161,300160
162,300161
163,300162
164,300163
165,300164
166,300165
167,300166
168,300167
169,300168
170,300169
171,300170
172,300171
173,300172
174,300173
175,300174
176,300175
177,300176
178,300177
179,300178
180,300179
181,300180
182,300181
183,300182
184,300183
185,300184
186,300185
187,300186
188,300187
189,300188
190,300189
191,300190
192,300191
193,300192
194,300193
195,300194
196,300195
197,300196
198,300197
199,300198
200,300199
201,300200
202,300201
203,300202
204,300203
205,300204
206,300205
207,300206
208,300207
209,300208
210,300209
211,300210
212,300211
213,300212
214,300213
215,300214
216,300215
217,300216
218,300217
219,300218
220,300219
221,300220
222,300221
223,300222
224,300223
225,300224
226,300225
227,300226
228,300227
229,300228
230,300229
231,300230
232,300231
233,300232
234,300233
235,300234
236,300235
237,300236
238,300237
239,300238
240,300239
241,300240
242,300241
243,300242
244,300243
245,300244
246,300245
247,300246
248,300247
249,300248
250,300249
251,300250
252,300251
253,300252
254,300253
255,300254
256,300255
257,300256
258,300257
259,300258
260,300259
261,300260
262,300261
263,300262
264,300263
265,300264
266,300265
267,300266
268,300267
269,300268
270,300269
271,300270
272,300271
273,300272
274,300273
275,300274
276,300275
277,300276
278,300277
279,300278
280,300279
281,300280
282,300281
283,300282
284,300283
285,300284
286,300285
287,300286
288,300287
289,300288
290,300289
291,300290
292,300291
293,300292
294,300293
295,300294
296,300295
297,300296
298,300297
299,300298
300,300299
